{"schemaVersion":"1.0","appDefinitionTemplate":{"id":"/providers/Microsoft.PowerApps/apps/","type":"Microsoft.PowerApps/apps","tags":{"primaryDeviceWidth":"1366","primaryDeviceHeight":"768","supportsPortrait":"true","supportsLandscape":"true","primaryFormFactor":"Tablet","showStatusBar":"false","publisherVersion":"3.25083.8","minimumRequiredApiVersion":"2.2.0","hasComponent":"false","hasUnlockedComponent":"false","isUnifiedRootApp":"false","sienaVersion":"20250813T123335Z-3.25074.8.0","coauthoringEnabled":"true","multipleWritersEnabled":"true","acceptedCoauthoringTerms":"true"},"properties":{"appVersion":"2025-09-04T14:25:01Z","lifeCycleId":"Published","createdByClientVersion":{"major":3,"minor":25083,"build":8,"revision":0,"majorRevision":0,"minorRevision":0},"minClientVersion":{"major":3,"minor":25083,"build":8,"revision":0,"majorRevision":0,"minorRevision":0},"backgroundColor":"RGBA(0,176,240,1)","backgroundImageUri":"/10626546131272003037/N545d379e-5398-4c20-9484-3c3dbc41831c-logoSmallFile","displayName":"NG_RefNet","commitMessage":"","appUris":{"documentUri":{"value":"/10626546131272003037/N0a18079f-213c-40b8-82d5-4fad72c2370c-document.msapp"},"imageUris":[],"additionalUris":[{"isSolutionAware":false,"value":"/10626546131272003037/N256f4ea5-f85b-4475-915b-ca17f9c64480-identity.json"}]},"createdTime":"0001-01-01T00:00:00Z","lastModifiedTime":"0001-01-01T00:00:00Z","sharedGroupsCount":0,"sharedUsersCount":0,"connectionReferences":{"8ab9b4ab-3579-4f1a-9df2-86e86348d3d6":{"id":"6b6fa678-566a-43c7-8b02-4c8000f1e354","displayName":"SharePoint","iconUri":"https://conn-afd-prod-endpoint-bmc9bqahasf3grgk.b01.azurefd.net/v1.0.1762/1.0.1762.4298/sharepointonline/icon.png","dataSources":["NG_AVM_Bvis_DB","NGBvis_ServProvName","NGBvis_ToS_DrpDwn","NG_SubOfficeDrpDown","NG_BvisTeamUnitSelection","NG_BvisServiceStatus","NG_BvisRecpDetail","NG_U_RoleBvis","NG_UserLogin_Bvis","NG_BvisSuper_N_DocNames","NG_AVM_Bvis_Pending_4_MHAC","NG_BVIS_Nig_States"],"dependencies":[],"dependents":[],"parameterHints":{},"parameterHintsV2":{},"isOnPremiseConnection":false,"bypassConsent":false,"dataSets":{"https://iomint.sharepoint.com/teams/IOMAbujaMainoffice/MHAC":{"dataSources":{"NG_AVM_Bvis_DB":{"tableName":"08ced3cc-00ce-4a7a-ad80-741bf0ad71fc"},"NGBvis_ServProvName":{"tableName":"197c2a36-8ab6-402f-a5c1-c8d285ac73c6"},"NGBvis_ToS_DrpDwn":{"tableName":"be93caf7-6c7f-472a-a39e-2825b4928246"},"NG_SubOfficeDrpDown":{"tableName":"3f43c2e1-d740-4500-9da4-251d071d6c56"},"NG_BvisTeamUnitSelection":{"tableName":"1c54efb3-fd17-4ca6-8a70-45c6ff80c5ad"},"NG_BvisServiceStatus":{"tableName":"dd6ba80c-abbd-448d-9b73-215b9b42eefa"},"NG_BvisRecpDetail":{"tableName":"59f78be5-cdfe-42db-83fd-6bad06155d92"},"NG_U_RoleBvis":{"tableName":"f5b6e782-529b-4500-bf02-def8ae3ed43e"},"NG_UserLogin_Bvis":{"tableName":"3547ee4c-ae0d-440c-a759-4ce111c71528"},"NG_BvisSuper_N_DocNames":{"tableName":"b7c48320-eba8-4ca0-99ad-563e6899a783"},"NG_AVM_Bvis_Pending_4_MHAC":{"tableName":"d4350c87-5aca-4410-8bba-38c0663ced19"},"NG_BVIS_Nig_States":{"tableName":"965e44db-6a92-4f4e-ab01-cefc286108c7"}}}},"apiTier":"Standard","isCustomApiConnection":false,"actions":["providers/PowerPlatform.Governance/Operations/Read","providers/PowerPlatform.Governance/Operations/Write","providers/PowerPlatform.Governance/Operations/Delete"]},"ec79eded-cd53-4e5f-8a76-fb95b496ce8e":{"id":"14a4d5f0-44e7-4aba-b388-0df128ea4804","displayName":"Office 365 Users","iconUri":"https://conn-afd-prod-endpoint-bmc9bqahasf3grgk.b01.azurefd.net/v1.0.1767/1.0.1767.4341/office365users/icon.png","dataSources":["Office365Users"],"dependencies":[],"dependents":[],"parameterHints":{},"parameterHintsV2":{},"isOnPremiseConnection":false,"bypassConsent":false,"dataSets":{},"apiTier":"Standard","isCustomApiConnection":false}},"databaseReferences":{},"almMode":"Environment","performanceOptimizationEnabled":true,"canConsumeAppPass":false,"enableModernRuntimeMode":false,"executionRestrictions":{"isTeamsOnly":false,"dataLossPreventionEvaluationResult":{"status":"Compliant","lastEvaluationDate":"2025-02-27T10:51:05.6415359Z","violations":[],"violationsByPolicy":[],"violationErrorMessage":"The app uses the following connectors: ."}}},"isAppComponentLibrary":false,"appType":"ClassicCanvasApp","appComponents":[]}}